{
  "F0semitoneFrom27.5Hz_sma3nz": {
    "mean": 9.550059644036363,
    "std": 11.792833992619563,
    "min": 0.0,
    "max": 62.186180114746094,
    "p5": 0.0,
    "p50": 0.0,
    "p95": 28.01661338806152
  },
  "Loudness_sma3": {
    "mean": 0.7968552991006776,
    "std": 0.5615093259571368,
    "min": 0.009091384708881378,
    "max": 3.410848379135132,
    "p5": 0.03922186624258757,
    "p50": 0.7446344196796417,
    "p95": 1.8302087843418118
  },
  "HNRdBACF_sma3nz": {
    "mean": 1.5686315923062935,
    "std": 2.5319248092761004,
    "min": -12.955717086791992,
    "max": 16.810285568237305,
    "p5": 0.0,
    "p50": 0.0,
    "p95": 6.436670374870296
  },
  "jitterLocal_sma3nz": {
    "mean": 0.0075451948225329765,
    "std": 0.021226319264080223,
    "min": 0.0,
    "max": 0.8665814399719238,
    "p5": 0.0,
    "p50": 0.0,
    "p95": 0.035781423933804034
  },
  "shimmerLocaldB_sma3nz": {
    "mean": 0.47631952763762864,
    "std": 0.843014819621895,
    "min": 0.0,
    "max": 6.020599842071533,
    "p5": 0.0,
    "p50": 0.0,
    "p95": 2.243799090385437
  },
  "alphaRatio_sma3": {
    "mean": -11.22411580639845,
    "std": 12.36657852625776,
    "min": -46.88430404663086,
    "max": 50.109710693359375,
    "p5": -30.31275987625122,
    "p50": -11.382200717926025,
    "p95": 10.20990419387817
  },
  "spectralFlux_sma3": {
    "mean": 0.47489395592888756,
    "std": 0.4092744979479557,
    "min": 0.00032743392512202263,
    "max": 3.3568639755249023,
    "p5": 0.003800609475001693,
    "p50": 0.409787654876709,
    "p95": 1.246365672349929
  },
  "F1frequency_sma3nz": {
    "mean": 654.0765451298219,
    "std": 251.38666519170803,
    "min": 53.69749069213867,
    "max": 1960.47412109375,
    "p5": 329.7231918334961,
    "p50": 625.4423217773438,
    "p95": 1098.0844787597655
  },
  "F2frequency_sma3nz": {
    "mean": 1690.6186674986407,
    "std": 271.33499004041136,
    "min": 978.4736328125,
    "max": 2947.396728515625,
    "p5": 1289.6967407226562,
    "p50": 1669.077392578125,
    "p95": 2154.450158691406
  },
  "F3frequency_sma3nz": {
    "mean": 2701.05057320894,
    "std": 262.3137630208101,
    "min": 1950.7001953125,
    "max": 4232.46630859375,
    "p5": 2328.303759765625,
    "p50": 2678.623046875,
    "p95": 3164.411694335937
  },
  "mfcc1_sma3": {
    "mean": 19.435327753253098,
    "std": 17.942363175319212,
    "min": -66.22498321533203,
    "max": 59.05540466308594,
    "p5": -16.2343653678894,
    "p50": 22.41213607788086,
    "p95": 43.35501022338867
  },
  "mfcc2_sma3": {
    "mean": 10.792732040824443,
    "std": 14.063190166657497,
    "min": -43.3055305480957,
    "max": 56.341373443603516,
    "p5": -13.117015552520751,
    "p50": 11.760328769683838,
    "p95": 33.314163398742664
  },
  "mfcc3_sma3": {
    "mean": 15.93387854358376,
    "std": 15.677397968341266,
    "min": -35.80088424682617,
    "max": 83.40763092041016,
    "p5": -6.491954421997069,
    "p50": 13.902656078338623,
    "p95": 44.76266613006592
  },
  "mfcc4_sma3": {
    "mean": 2.586857118900954,
    "std": 15.132677742803523,
    "min": -71.8990249633789,
    "max": 53.79313659667969,
    "p5": -25.848526000976562,
    "p50": 3.762323021888733,
    "p95": 24.86168746948241
  },
  "Overall": {
    "frames": 59920,
    "duration_s": 600.0,
    "processing_s": 13.8,
    "voiced_pct": 43,
    "f0_mean_hz": 110.8,
    "f0_std_hz": 84.7,
    "f0_range_hz": "56-998"
  }
}